y1,y2,y3,y4,y5,y6,y7,y8,y9,y10,y11,y12,f1,f2,f3,f4,f5,f6,f7,f8
15.09198358,83.4727329,0.3394322975,9.525517791,0.4043063076,73.60020508,0.1294305495,5.140471373,0.6585645534,0.7136305573,2.43508846,0.05131489502,31.02885441,226594.4833,178.0658244,69.54335863,1.993276586,475.817361,36.69209515,515.597945
15.12453121,82.92683861,0.1586693982,4.452752984,4.414750286,74.06586012,0.1148963106,1.979164198,0.800255765,0.6913887837,2.656056168,0.04601122991,34.3148106,251217.1659,198.7465946,73.3779124,2.306453661,457.4842314,36.52158054,477.4291618
15.13781809,82.89648375,0,0,8.372490199,74.09583991,0.1072655733,0.3455436823,0.9636780929,0.6663912076,2.781007012,0.04127518086,37.2907921,267007.5252,212.1453153,77.650593,2.584406104,441.547571,38.40022196,459.3926662
15.13136527,88.75105375,2.439820085,0.4534742177,11.8420191,74.16575178,0.1084069149,0.5313799627,1.087237647,0.5980217028,2.705856742,0.04343572621,37.93109965,274028.3122,218.198094,82.02408663,2.609577528,434.6148004,42.3115081,459.1825502
15.12369219,97.03550336,4.992797121,1.756623918,17.29789878,73.24992145,0.1083733818,0.6405589393,1.418131327,0.6076905954,3.266602238,0.04213550362,38.51431426,270487.6426,215.7968024,88.19173,2.609903124,429.7769804,47.77925557,458.3712495
14.94878264,98.8439323,4.962721533,2.06518125,21.50626847,71.22787654,0.1132994071,0.4343686716,1.560890252,0.5846605454,3.499519595,0.04491708403,38.45051403,270084.5085,215.0823453,89.70931166,2.62057092,425.9310627,49.43741951,454.6012327
14.31228425,96.94768353,7.856312083,1.079717797,22.45185481,65.24241038,0.1159291172,0.3680677171,1.668419638,0.6073177518,2.666130372,0.06311630495,38.05736229,269688.8934,212.3360939,89.52119224,2.635261192,429.6166156,49.83106667,458.5613912
14.21278391,89.17251506,13.06199798,0,14.99172587,59.19216713,0.1120668541,0.3671766543,1.368065118,0.6532220367,1.626948836,0.08114635504,37.65639122,270114.2388,209.5818955,86.77423098,2.645094279,433.902368,47.42321394,460.4274804
16.19819615,94.3439183,18.63655913,0,11.99674364,65.02968703,0.1112319129,0.5181551499,1.378060697,0.6775653868,1.222572021,0.07890734558,37.34723178,272070.6746,208.7185077,80.47509387,2.64495014,438.1136235,41.33946788,463.1565294
20.06474343,87.59044631,16.97389443,0,9.6534756,62.00803075,0.1203526553,0.5156932177,1.251187169,0.6395854201,1.213086485,0.06143711742,36.82134898,273798.8282,208.5793513,76.72949433,2.648500416,443.632486,38.26054179,467.6252082
23.66505837,79.7432811,16.60143546,0,6.897757375,54.39351698,0.1352777248,0.5205864452,1.055601599,0.620572621,1.536664241,0.05198230384,36.23053094,273887.3546,208.4806902,74.5934781,2.660654514,443.9112332,36.78532268,468.507843
25.34512352,72.35423151,12.85922309,0,3.082172317,52.55405365,0.1346843626,0.4992993448,0.8051706864,0.623696995,1.968931024,0.0494991931,36.02585775,272372.9838,207.5429513,71.20898072,2.681367034,437.9198724,33.52127056,462.1542708
25.15500679,89.84392062,8.240345233,0,10.72654116,70.81760696,0.1154806116,0.528709498,1.318251193,0.627740818,1.825007908,0.09419098497,36.19438392,270881.8385,206.8607585,67.7410643,2.692839389,431.9747084,29.8281955,456.9140104
24.75156445,110.6881246,3.584982927,0.5878874834,21.99663181,86.44051589,0.1091608785,0.4209397897,2.189024356,0.686400946,1.47126202,0.1269305787,36.70380367,271550.7764,208.7047151,68.83767661,2.697448853,430.1235638,30.3509782,456.3640137
24.25745128,138.3662631,11.75801936,8.759550064,25.08572342,97.61722511,0.109523952,0.3457142144,2.5492344,0.7276579021,1.266290862,0.1115784641,37.08376556,272745.5437,210.8298703,71.26454968,2.699600302,433.1406711,32.35327659,459.6235176
22.21881655,142.1157807,24.76176544,18.78331042,15.9250406,81.72519031,0.0970637561,0.3419827232,1.969608945,0.7873873122,2.341775612,0.05986449638,37.1770003,272903.4957,210.718351,75.14985271,2.698366165,431.4670429,36.20836657,457.8524137
19.08008259,147.1274798,32.72871126,24.93428469,10.82154446,75.26917466,0.07771957891,0.5776085403,1.68238185,0.8092793545,2.866672582,0.04844685587,37.14856925,271389.6984,208.8119526,77.35790048,2.684188935,423.1986134,38.50085769,451.0130366
16.13589592,154.1487872,28.58828032,24.11861802,19.23987821,82.54320831,0.07022761399,0.6907773662,2.499160644,0.8372760156,2.3955346,0.04612715637,37.03724354,270022.6604,208.0017856,77.64177855,2.685906764,413.4915499,38.91949559,445.3226129
14.69954604,161.3382178,18.92424837,23.57876955,31.27048125,92.02273962,0.07337479729,0.6716886958,3.394258271,0.8261547023,1.676866066,0.04553255426,37.02508917,271141.0885,209.6666549,77.51930295,2.695767108,412.5278751,38.85600425,447.2727116
14.80114624,144.1182902,12.48061222,21.90890623,33.33155928,76.23731363,0.07816611453,0.6207425474,3.291836716,0.798934335,2.053570479,0.04414385086,36.95846125,271736.4303,210.5506682,77.92863616,2.693055239,416.4718783,39.22943573,452.3796898
15.01643997,128.3443777,14.02618217,20.34658375,27.71953595,63.09256771,0.07251130765,0.5732443229,2.541061145,0.7200973845,2.037127568,0.05100695604,36.86968647,271114.2348,209.1865447,77.16525125,2.670941219,419.8552515,38.10562505,455.2783826
14.81355269,125.2752083,17.7386461,19.03442972,21.52808111,65.74644979,0.0666983193,0.409585294,1.999582495,0.7024763495,1.85062993,0.0676279911,36.7222059,271295.285,207.190365,74.99521984,2.666275837,420.5857907,35.71544367,453.1028641
14.64630666,126.9597782,19.80308267,18.76689924,17.61488482,73.03815548,0.06012533701,0.3998180325,1.880740537,0.6978825821,1.688651355,0.07538981636,36.54958492,270445.058,204.525193,73.19378707,2.673324169,421.8168209,34.37023517,453.2673295
16.35241985,126.9677393,26.00740764,20.72071811,11.66942085,69.18440212,0.0525873229,0.5206139735,1.683201688,0.6696967168,2.118575962,0.06978297162,36.5173633,267547.3916,201.2250751,72.05767591,2.671777313,421.2985004,33.55484232,452.2007212
19.66787295,123.3067675,31.10303935,23.63176926,5.300540326,62.00481651,0.04751961969,0.6989374779,1.32079765,0.6585614914,2.633608126,0.05646744574,36.43115189,263815.9317,197.1540219,70.53592243,2.619231079,423.3631343,31.72087652,452.7867096
21.72408166,120.473023,27.25134648,23.40455562,7.65677714,62.76174071,0.05633621902,0.7142576472,1.466451753,0.6622537563,3.417023066,0.05969309961,36.41728054,262362.7435,193.3520809,69.17781206,2.559418314,432.5882556,29.6320032,454.2551711
21.1501173,110.0713617,17.90582276,18.69854617,13.95126361,59.71964432,0.06515249787,0.5408016184,1.767491409,0.6119922092,3.324723214,0.06182415136,36.29014016,263882.9909,191.4377048,68.69909759,2.529557288,441.0993063,29.22192756,456.0315696
19.13279667,104.0555902,17.41998947,14.4683416,16.26339871,56.21604932,0.06238848598,0.3640134275,1.848404333,0.5957818587,2.837401297,0.06311630495,36.24594983,264827.25,191.281517,69.43769972,2.524690702,437.4724119,30.64152047,453.9937615
18.40657044,98.28598081,19.20711982,15.64492287,12.47101809,51.0442605,0.05855448862,0.2637951385,1.534313663,0.6241903172,2.595280276,0.07025180857,36.2038036,264853.5321,191.5110832,71.92366634,2.49674484,439.2906389,33.43360291,451.946109
19.38175742,88.54803756,14.73047404,20.05565954,7.291896028,42.18345043,0.04365677566,0.3103458799,1.276008649,0.6968336116,3.138067612,0.07442849193,36.33110815,261110.5122,194.9168461,74.93550961,2.44352079,458.7735751,35.99607568,480.2601079
20.25862359,85.67026719,7.113612379,20.29934395,2.731393769,54.78343037,0.06602768099,0.4584426691,1.003195649,0.7288091263,3.015432325,0.07266416249,36.18844098,255868.0406,201.6667102,74.25391865,2.275972293,524.8077208,35.4782899,514.2262868
19.93146046,101.6122445,4.550656016,18.43187246,8.208645937,76.01484072,0.162750959,0.4624047823,1.313515842,0.7091291041,2.722778797,0.06048247078,36.15620536,255461.795,207.2143632,74.5276291,2.208788596,555.0131486,35.99568861,540.3658907
18.84719284,113.9867444,4.721896724,12.55385227,20.37799341,81.07848568,0.2846588059,0.3111336165,2.109191547,0.6810517529,2.2144655,0.05693934335,36.20962945,260383.0692,209.016914,80.95062715,2.325007488,521.105969,42.02960877,510.781717
18.22351471,107.7585428,3.779887057,6.208951011,28.52951851,69.13681762,0.3742618465,0.3663600528,2.558540631,0.6974819143,2.183699436,0.05031663884,36.1425662,270109.6072,206.3295638,87.22017575,2.536364089,460.4421356,48.16762442,467.3747864
18.43642276,85.79145594,2.045003511,0.8234132995,30.53832347,62.53017884,0.4130503641,0.3430099702,1.925698779,0.679557596,2.213195837,0.04785614914,35.67849045,275336.4011,203.1685843,87.33780495,2.622640799,446.8909559,48.93743589,466.8541078
19.4308092,76.50764595,0.7865007202,1.194611877,33.4825039,56.79419979,0.3906313734,0.3247235888,1.623744481,0.62,2.66941393,0.04888258208,35.40535916,273696.9494,202.7651763,86.69723001,2.665399868,444.2964126,48.529219,465.7066129
20.17433089,79.81510243,1.164114013,1.846566782,36.8145421,51.31232044,0.3302215574,0.2744668623,2.14753827,0.6014802449,2.542306831,0.05516444073,35.63637343,271334.9274,202.517423,91.28600918,2.695392861,436.6220085,52.4769506,459.9628078
20.32840059,81.01704432,5.150424458,2.81155673,35.46846181,48.12805709,0.2489099352,0.3309438302,2.175616866,0.9101279911,3.085511506,0.05958096828,35.68815246,269231.0135,201.7689248,91.52182212,2.703229354,428.8898534,52.46666469,455.4785385
20.0207718,70.51036515,8.706074127,4.121860439,29.38718708,49.37185345,0.1993365925,0.4267741718,1.247691863,1.101182526,3.146274946,0.06739983306,35.89987166,270429.0125,201.2666156,88.04450131,2.687613314,427.5229998,48.94996388,456.3737908
18.71628424,67.92436774,9.65908279,7.423728479,20.98622776,52.30569938,0.1863795077,0.5162555095,0.5969804027,1.019187535,3.316979305,0.1057401224,36.33872911,273125.5501,200.8598322,86.47502159,2.675769988,433.3948726,46.87403908,464.1211909
16.77589905,68.9572794,6.170597833,9.608405749,12.10466229,53.50698178,0.1851265639,0.4245088454,0.5246813955,0.7136227045,2.89335759,0.1124958264,36.72926071,274800.0193,199.917293,85.61290392,2.698365232,433.7823398,45.54465476,463.5550038
15.20354775,69.35943318,5.386960517,10.80820908,5.233971768,53.39661601,0.1664599627,0.3389240498,0.5079480514,0.6549387869,3.270717551,0.08475292154,36.66651996,272725.3332,197.4183178,81.04700017,2.713993916,432.1987748,41.08639419,460.9833404
15.19751,67.45853404,6.106406858,11.72047099,2.232624249,50.55453191,0.1869495868,0.3866140126,0.5341565079,0.6209265442,3.545426211,0.0629115192,36.55074932,264980.2984,193.6851822,75.80716366,2.634596629,435.9924742,35.78809087,463.7144679
16.39380621,68.61403968,7.73837765,13.1573077,3.319846619,51.37960354,0.2529870822,0.3523407752,0.4998862058,0.6313828603,3.835778923,0.06757790762,36.4829871,258122.7995,192.47398,74.6932278,2.494472295,443.9751305,34.49267942,464.4236735
17.5111507,69.88047227,7.246156659,11.20637268,7.331255685,59.32251108,0.3091591784,0.2850126447,0.4626568842,0.6224346132,3.559708128,0.06117445743,36.3383049,255978.1319,194.7856773,78.29884012,2.367418123,462.3027468,38.1416118,475.3809868
18.14149372,79.98403301,6.531429508,12.54733659,12.83481742,62.1505453,0.3200278984,0.3031544172,0.9072605803,0.6576766834,3.10990879,0.07589510295,36.44975372,258652.1171,198.6490467,80.76087292,2.391449822,465.7736937,40.48073436,477.9695072
18.37089081,95.87396318,5.696626331,14.61052664,19.32193891,64.14026354,0.2981364115,0.529045736,1.664007762,0.6521563717,2.972477222,0.09062604341,36.62027301,263144.6546,201.8386821,78.0774151,2.481829747,452.6974437,37.83453466,465.9917834
17.84088932,110.1435082,4.844177259,11.70459041,25.23674607,74.31079811,0.2536302178,0.5741182779,2.1953594,0.6326293823,3.16722848,0.07522148024,36.69294731,265387.7533,202.938902,76.44237565,2.555224185,439.0889391,36.26574932,454.626605
16.17387065,102.9318411,4.076512425,4.570520798,20.68713027,79.71240678,0.2240121009,0.3554035971,1.746134512,0.624162493,3.360859799,0.04691986644,36.50838902,266221.3405,203.1299583,76.66847257,2.56937711,445.4365863,36.53767238,464.5542858
13.9597436,86.68215948,3.443020827,1.997244619,11.50401054,73.18623727,0.2427971638,0.3092358349,1.284822005,0.652392877,3.092129362,0.04738731219,36.29302489,266034.8543,201.06887,75.77308141,2.598066968,444.4353284,35.66386109,465.516565
12.24834535,77.78037535,2.903460129,2.866430194,7.643349577,67.59315996,0.2807294788,0.5601590714,1.233313167,0.6328631052,3.337215189,0.05155453534,36.19726932,262876.8295,198.6938943,75.75894568,2.595853122,438.3830231,35.60095624,460.6803303
11.71212013,79.83664342,2.396751748,3.735615769,10.61015792,70.5283102,0.2721425006,0.796390658,1.354234835,0.6386032276,3.813467042,0.05267918753,36.48260064,260135.3633,198.9146277,76.61470667,2.484241247,441.2702829,36.06221936,459.5468866
11.92203658,79.16074976,1.92273191,3.850631659,8.866565238,74.13159476,0.2942388559,0.685154607,0.9846277216,0.6251446856,4.370535131,0.04913132999,36.87271682,259765.7442,200.6957153,77.06464871,2.436457373,450.0786556,36.00516021,464.0996441
12.04406947,73.4482148,1.529049859,3.101042437,4.559117893,71.41840458,0.3390476668,0.4143070657,0.7546735736,0.740375626,4.45934814,0.0607982749,36.80794206,261461.763,201.2742637,76.56949742,2.444943008,452.664877,35.65916209,467.6852126
12.99417752,76.12091958,1.26335484,5.70751402,7.618456619,62.15905238,0.3578062929,0.3590391429,1.134371824,0.8270923762,4.404082468,0.06656399555,36.30978473,261611.5614,197.0912208,75.64571381,2.539115568,440.170264,35.4618809,460.1145764
15.0808119,91.22968482,2.630783622,10.71059507,16.63235708,59.85221823,0.3545204589,0.5060868038,1.711585197,0.7987423484,3.588996691,0.07132943795,35.8824652,258920.3529,192.245043,72.44438932,2.565618751,431.8637984,32.92278672,455.8393463
18.17998488,106.2160006,5.633540983,11.1900303,26.66915565,64.95110501,0.3691627857,0.5327754287,2.273006637,0.6867640512,2.763680562,0.06363049527,36.14454434,258789.4845,190.4816104,72.63818823,2.600496273,426.3555954,32.57832963,452.2467908
21.39567877,118.0218022,8.69212451,9.118594268,33.07687598,71.94945675,0.3664967317,0.3822197122,2.743164328,0.7161686144,2.238772935,0.06636533111,36.16774391,257339.8382,189.5539559,74.73345246,2.546633005,431.6400323,34.38217018,456.4114146
22.21342787,118.8005806,7.66086351,8.428232178,32.37825406,73.66126329,0.3505073017,0.3510793247,2.706329379,0.7623511408,2.221983476,0.06779521425,36.00774327,252264.7953,191.075084,74.89861963,2.433805151,438.507639,34.67357094,454.320737
20.17263075,109.6608616,3.872864274,11.91913036,20.76988897,72.40813738,0.3954878093,0.463261907,1.961063578,0.782392877,2.211257435,0.0764329438,35.75450845,250907.2517,195.3487811,74.84214763,2.259185855,468.7220392,35.2579774,472.2788663
16.84095804,103.011008,2.521530894,17.54676854,7.666344127,75.04088343,0.4378003662,0.5479529616,1.211333472,0.7737618253,2.210474292,0.07303032832,35.95546424,256595.2768,200.6350312,78.4409949,2.281259468,482.2550196,38.74084645,481.4746135
14.27050147,105.8351914,5.370722085,20.86599051,1.784000014,77.8226806,0.4149465212,0.5561674803,1.037133747,0.715670562,1.828775361,0.06133750696,36.25402479,268155.6241,204.4457819,79.29741124,2.468995393,468.7488477,39.23971688,473.7649311
13.74745458,101.7677236,5.655312228,14.04851115,0.5237347647,82.02581922,0.3599345528,0.49001494,0.9584318229,0.6987701725,1.527998332,0.06513856427,36.88220437,275205.1232,203.8912507,77.02392148,2.608173486,443.6645747,36.03005929,457.0831055
13.99703444,88.64437678,2.500454893,4.231187333,0,83.11683138,0.3130277826,0.4066942712,0.754669128,0.7794741235,1.372736199,0.07260545353,37.20083617,274417.9166,201.7855002,76.07421122,2.609445055,442.9152398,34.08139198,460.6899404
14.1021837,79.63276284,0,0,0,81.31560181,0.269671738,0.3096902515,0.5224995063,0.8236087924,1.376315218,0.07169727323,36.99045847,273961.6737,201.8694377,74.45105604,2.63393935,446.0998927,32.51224443,465.2292557
14.0871554,70.53920381,0,0,0,68.73336024,0.2418328606,0.3040166242,0.4609244987,0.7897106288,2.076204603,0.1352927101,36.7309592,275831.8314,203.037452,76.93607968,2.670840596,441.924561,35.69164235,464.4830956
14.00779622,68.6220935,0,0,0,68.19342195,0.2452685889,0.4027825784,0.5003735587,0.7188925988,2.647880241,0.1860523094,36.68704314,277460.9341,203.7765534,84.30420654,2.695647589,435.4834133,43.50012647,460.6978563
14.11220167,66.6417211,0,0,0,66.75263555,0.3169626072,0.445079036,0.4723975382,0.7106510851,2.331269662,0.2056332777,36.90588406,275840.035,203.2620422,90.27463232,2.696853667,431.5558344,48.54699993,456.8127271
14.33441914,67.05841297,0,0,0.8228982752,67.22893696,0.3537252662,0.3470608276,0.4165999961,0.6788925988,2.242547765,0.155687813,36.80802695,272375.4474,201.8148597,88.67573581,2.596983418,441.2224763,46.70142569,467.8847094
14.383955,62.66650027,0,0,2.156272058,59.25172217,0.3331504047,0.282537996,0.4618627712,0.6944407346,2.452664394,0.1133973289,36.60136484,274999.6044,202.4283436,86.15964754,2.556016676,443.6861715,43.08522692,470.4289593
14.27875822,63.22947949,0,0,2.208018661,60.91480057,0.3200255194,0.2686780512,0.5073243101,0.7562103506,2.056441748,0.1207008904,36.32177742,268648.5391,200.170969,87.92391687,2.616684329,433.3381438,43.45749006,460.1444621
14.06792519,61.27776487,0,0.4397286535,0.9279224458,59.50380482,0.3388591253,0.2190665366,0.4311851892,0.8976001669,2.033570479,0.2823263773,34.93536731,251679.3785,196.115526,84.30672217,2.725806238,415.7705372,42.07977236,442.4854308
13.99481689,64.75213203,0,2.676466059,0,61.48855635,0.3180014636,0.278847129,0.4486550974,0.9061602671,2.575335001,0.385139399,34.35217091,242138.9821,195.7898867,84.05345623,2.661647825,424.0385786,44.11957842,448.0479655
14.03576354,68.555682,0,3.4551222,0,65.13011927,0.2986130766,0.4934590391,0.6038535826,0.7720269894,2.15184603,0.2803873122,33.50628654,247050.1509,199.1797352,88.13703766,2.621549168,439.2198948,48.82113576,458.4590553
14.00214081,70.04505036,0,2.020078098,0,70.22307789,0.3207068824,0.5216410155,0.7248535624,0.6529744018,1.965999089,0.1448823038,30.98772423,275811.0172,212.7347132,89.98687908,2.639277763,446.9520265,53.98317142,466.7263135
14.0290019,64.13415353,0,0,0,61.19623472,0.3661512323,0.3287699384,0.614384467,0.6852559822,2.737475329,0.1092607123,26.95079062,275831.5979,204.25956,84.18918909,2.709833447,439.1667657,53.67976454,454.0249132
14.14722202,77.61747479,0,7.055586748,0,69.64918916,0.4183051339,0.2245461107,0.4777436875,0.7303589316,3.534013138,0.09815776294,22.26508081,221034.6848,161.8812844,70.95986767,2.766687231,482.7597052,46.45177006,492.6700238
14.25042267,89.7509502,0,12.03025943,0,82.86035094,0.4402436168,0.3362357393,0.4641584421,0.7248135782,3.77023472,0.05231135225,18.4145208,177788.7312,130.6424283,55.82675868,2.420771618,534.9751882,36.71969576,529.0722885
14.21056538,79.50187704,0,9.292123466,0,71.03409708,0.418322176,0.2900712412,0.4903414554,0.7028631052,4.004789004,0.04015984975,18.9941702,182039.2701,135.1779293,60.50176017,2.196746787,527.4607872,40.20634303,512.8028063
13.80914702,61.96073683,0,3.101422182,0,54.47768883,0.3576912729,0.3429539145,0.4945331536,0.6813689482,3.581704945,0.1080442404,23.22100666,232299.2905,174.5218823,75.94925314,2.324648209,463.5096597,49.45852298,461.1049624
13.09447456,64.10555923,0,2.754101705,0,61.29628547,0.3060060395,0.3771023292,0.4946657883,0.6810795771,2.640836706,0.1969970785,25.292954,276658.6138,208.7119863,78.36182898,2.699483879,430.0448905,50.05013596,453.6436193
12.42664444,67.7873219,0,2.297037148,0,66.42559513,0.2949027169,0.3688228017,0.4618550543,0.7290178075,2.153679931,0.2158130217,25.14996783,276886.9187,210.3925862,75.87317528,2.736573189,426.0865348,48.09870412,453.0520725
11.99598959,69.25155243,0,3.204954629,0,65.35168824,0.3275614851,0.26889299,0.33126586,0.7966249304,1.897826778,0.1385353367,25.1986325,268809.088,206.0758359,78.9085015,2.765334268,424.7667382,50.67269201,454.3651188
11.90746528,72.7160848,0,4.05480927,0,69.61735347,0.3471133755,0.3031647693,0.3526564161,0.7865971063,2.288307283,0.09490651085,25.31082153,269128.3491,206.6640166,81.54276604,2.769257691,424.1390487,53.14648944,453.7306697
12.27118247,70.80658272,0,2.612643618,0,68.88341223,0.3622019906,0.2455084383,0.3849579785,0.7381608236,2.630095962,0.09655703951,25.49961243,271820.8532,207.853388,86.09784773,2.751151952,425.9609921,57.42244065,453.3718214
12.95900116,65.65028044,0,0,0,64.81296709,0.4428691241,0.1790507943,0.3799894901,0.6785197551,2.681444805,0.09155314413,25.6305597,273902.9202,208.3150997,90.04941893,2.754902028,425.8183011,60.81555526,453.152907
13.69928303,65.77801404,0,0.3053904847,0,64.19921311,0.5075310596,0.3632160736,0.5075187256,0.7316750139,2.035615908,0.06304034502,25.51522225,273379.1255,207.6089065,88.72974022,2.759340525,424.8118306,59.15498608,453.984265
14.1398095,75.17799126,0,5.044775278,0,70.6982681,0.4766021803,0.4782407094,0.6257222256,0.7916026711,1.858901892,0.05170812465,25.22835676,272126.4353,206.1851295,84.94661124,2.757443303,420.644894,55.3645835,452.296153
13.90012414,79.83667912,0,7.598182713,0,72.49346047,0.4089994123,0.508780532,0.7700845837,0.7981886477,1.61840567,0.07079410128,25.07604161,270648.2501,205.1453438,83.37288542,2.748203912,419.7901637,53.93867105,452.2655971
13.85866655,82.88691496,0,5.648477756,2.736573135,73.90929174,0.3788041983,0.4127209725,0.8197360032,0.7209404563,1.955052932,0.1101908737,25.10660302,271029.4058,206.0704075,84.21022804,2.741155896,419.8666867,54.80694832,451.4977815
15.11506691,100.2591398,3.245042063,1.934963793,17.33459745,78.77921468,0.3647733447,0.4680858078,1.79743448,0.7029048414,2.119740924,0.129353645,25.36364044,272391.6198,208.8592301,87.72742832,2.738277733,424.0700904,57.67438407,454.7518594
17.04224394,122.3149303,5.146629271,1.737849517,37.76749036,80.1960696,0.414251637,0.5777515466,3.208931699,0.6980634391,2.38659011,0.1295576795,25.61475796,273747.5837,211.7361718,95.49688052,2.74445097,426.182164,64.53736635,457.6638895
17.9693836,122.2517562,5.494918037,1.633873318,45.76449284,68.34705729,0.4877546389,0.5764385696,3.662040587,0.6771090707,2.114318301,0.1412915136,25.71866091,275461.9621,212.9787327,98.6794942,2.747078545,429.7998632,67.72874064,460.8268304
16.9968198,103.3224239,4.034833197,2.054761193,32.94430171,62.12983372,0.5056218538,0.3504808343,2.453252462,0.7626850306,1.999051516,0.2111904007,25.75947379,276472.73,212.2793357,97.12657103,2.748636042,432.99178,66.46151649,463.911528
15.12058164,95.68424977,5.660978886,2.162472975,21.7210176,66.30781043,0.4791626683,0.2614319473,1.693379564,0.8419476906,1.941748706,0.2291890651,25.86429586,277218.9355,211.3419171,97.93771031,2.746679061,434.0965223,66.84945846,464.4843606
13.62835983,89.11872147,5.423834673,1.327929425,14.33852285,67.67679585,0.4660305805,0.3541504013,1.399779198,0.8845520312,2.150711438,0.2401146355,25.91680459,277759.2527,211.2011951,96.46026763,2.743986481,433.6048079,65.00353427,463.844239
12.49244165,92.60158954,3.708804392,4.839581468,12.75674741,70.27399839,0.4424792769,0.4101515939,1.397891897,0.7945214246,1.975765532,0.2118923205,25.8344929,277901.2772,211.8239188,90.97596847,2.75027488,433.2848893,60.51895899,463.613851
11.2782438,111.33743,1.941604662,10.33901502,21.77116446,78.4823432,0.3635478962,0.3966327614,2.486397367,0.7592543127,1.631926275,0.1739298831,25.76174607,278126.2714,212.2135461,90.93557792,2.766144403,433.0797063,61.87784506,462.7352251
10.27814082,133.4560929,1.564111521,11.25396434,40.85181184,81.56706267,0.320096902,0.3780707163,3.851015522,1.687175849,2.145122311,0.1744602115,25.74795362,277288.2875,211.6632038,95.69548963,2.777262214,430.102173,66.35290998,458.9977988
10.04104494,129.7296196,9.959856486,7.349106172,36.33818661,75.30315292,0.351729336,0.2129834468,3.194219721,2.479952699,2.792012534,0.2516836394,25.62262947,276678.7344,211.5138487,94.5664842,2.772994539,430.3787173,64.90204282,459.7106892
10.00320604,114.1019124,18.00333437,6.092775314,14.96561145,76.06233819,0.3837412314,0.4449157382,1.622758419,2.449012243,2.748634376,0.2687687813,25.58410321,277332.8514,212.0201484,89.4723686,2.764762945,430.9932637,60.3542067,459.7428791
9.536592821,93.53814255,18.92053984,5.01444128,0,71.37305084,0.3768176738,0.733041463,0.9153394838,1.782835281,2.248898204,0.1894621592,25.71025633,278146.2651,213.143613,90.08989308,2.764715825,430.0000354,61.61526372,458.672216
8.797790705,80.04806796,17.91231222,2.467129866,0,59.47425288,0.3632211796,0.6545740946,0.7124722638,1.902657206,2.99861002,0.136998887,25.88314416,278199.7387,214.5008592,97.41066625,2.772927557,429.6504243,68.67964005,459.200034
8.195083241,66.40539965,17.46689072,0,0,47.28550264,0.4117938308,0.2645491385,0.318741802,2.271079577,3.818960207,0.1187301057,25.84475532,278263.2975,215.1083348,103.6662458,2.78114356,428.2444439,74.70005716,459.9125047
7.982480734,57.97140334,13.27023355,0,0,44.44429868,0.4972479289,0.212810751,0.241980355,2.246811352,3.583030496,0.09923650529,25.82126937,278419.5447,214.55228,103.7042648,2.765999089,426.55548,72.61664641,458.545552
8.042653563,50.68159521,9.667051576,0,0,39.89213042,0.5237560615,0.2329089258,0.2483816196,1.843380634,2.903259202,0.08824234836,25.83117912,278387.8048,213.5061767,103.8233978,2.757684462,427.1568087,71.02849213,457.488282
7.945746544,59.1088736,14.89836063,2.619187538,0,41.24239629,0.4470861512,0.171139011,0.2945054538,2.060130774,3.216299401,0.08709705064,25.78240945,277862.3485,212.4825333,103.9380182,2.765543313,434.5727656,72.23157113,463.816324
8.042310636,64.25512118,16.87280173,4.57565867,0,43.44132033,0.3839111926,0.1684380101,0.3175497986,2.544607679,3.915296092,0.09169983306,25.71350466,277498.7034,212.1054969,102.753955,2.770930536,441.2021047,73.91472596,471.2180099
8.768284475,58.02100876,12.00218312,3.613285023,0,41.79533295,0.4042019505,0.2086500463,0.3407245353,2.151591541,3.842810429,0.08865186422,25.6860797,278291.1987,212.5013362,100.6842354,2.760213613,440.7006209,72.96986787,470.0267392
9.854772469,51.29005923,6.463793544,0.6659676513,0,44.42186458,0.4806633562,0.2721524749,0.3941731328,1.23501113,2.787016853,0.09811491375,25.7241006,279141.8726,213.2038511,101.3983118,2.75660524,438.7194952,73.17244353,467.4867146
10.85365309,52.35016435,4.264896536,0,4.168396698,46.15397575,0.4621916097,0.2889661063,0.711654744,0.8679938787,2.571083654,0.08824040067,25.77149588,279489.2584,213.9451348,105.8150185,2.763558931,436.0011956,76.78569716,464.4503112
11.1888936,53.11691779,3.410649716,0,12.25598131,37.05693315,0.41109817,0.2232377752,1.153203655,0.8100695604,2.945692465,0.06993516973,25.79979737,278662.0279,213.6671426,105.830175,2.766804678,433.2049544,77.25824705,459.8615374
10.8784884,50.45436344,1.18567674,0,13.17507104,28.34728206,0.4063892882,0.1045370491,1.508620923,0.8525876461,3.265212258,0.08888703395,25.83884714,276728.7503,211.804113,103.3924265,2.774566252,428.0805345,75.6823559,455.3609266
10.46558804,54.3592666,0.1626172188,0,6.033768159,36.37285151,0.4414540631,0.1645552343,1.336920646,1.016541458,3.29334915,0.104418197,25.92978668,275186.3405,209.5842803,100.149038,2.777029654,429.2082893,72.81158567,459.3010373
10.11245571,63.94519612,0.2110878573,0,0,46.71335466,0.4564985967,0.2749468518,0.8271528835,1.035392321,3.846911089,0.09696048971,26.06212177,274291.3253,208.7964791,97.25578789,2.781086174,429.2667479,68.80375149,459.7046328
9.961300741,75.60435916,0.1414123731,0,0,52.49638013,0.5006482403,0.4293931101,0.3683814636,0.8816750139,3.479033175,0.08837757373,26.1211025,273500.4358,209.5376654,95.57338654,2.784467416,426.9611971,65.6224447,456.9790211
9.983628221,80.24236732,0,0,0,61.78546899,0.5399104378,0.4848886333,0.6662197106,0.8244407346,2.420581318,0.1065765164,26.19924317,271939.0598,209.9333062,96.78975261,2.774700387,424.910605,65.70216558,454.6452116
10.01322648,75.56755693,0,0,0,69.3311969,0.5494188538,0.4642106686,1.040373626,0.8458764608,2.126583996,0.1103224819,26.10295696,270774.6086,209.8178425,95.31401651,2.769609979,424.6510321,64.32455827,455.4205182
10.08885102,67.58713109,0,0,0,68.17841437,0.5750461818,0.3907558739,1.142361352,0.7920617696,2.651173502,0.09203700612,25.85916861,270877.6764,209.2367723,92.51602432,2.77808234,423.7487319,62.24037855,456.9622016
10.06709769,75.38067142,0,0,0,64.1008576,0.5711208835,0.3272992545,0.8211597833,0.7534446299,3.315917582,0.07304869226,25.66991514,270084.7679,208.3025315,90.24927118,2.790851711,420.00295,61.43279224,454.3155107
9.640718099,82.81165821,0,0,0,67.33121476,0.5133198182,0.2510209451,0.7684374331,0.7898330551,3.392079487,0.05489204229,25.6304727,269053.5393,208.0910047,86.36523854,2.781962019,417.3353429,58.73549566,449.4512534
8.874275052,82.21830996,0,0,0.3393221326,73.90045057,0.4467120434,0.4643327808,0.9546936637,0.7838592098,3.273355263,0.05462659989,25.75164361,268019.5139,209.4321449,83.30977051,2.781473024,418.6309526,56.01101181,449.4675274
8.059862668,72.83469763,0,0,4.467140949,70.45931375,0.4589697212,0.590334751,1.383820279,0.7562381747,3.052809167,0.05738870339,25.87224906,266208.3467,212.8969517,82.69799003,2.747300959,423.2352769,55.15681763,454.9315213
7.820533725,64.78112751,0,0,6.251400976,58.48295297,0.4969500576,0.4408864475,1.380820608,0.797164719,3.243143637,0.08030856984,26.03617267,263934.4322,216.491605,83.23414004,2.680298389,421.8510002,55.47918882,452.0472243
8.099135347,55.07143314,1.793056293,0.6733784475,4.643589523,45.89655002,0.4957738342,0.2137041399,1.094940185,0.8050890373,3.991922686,0.08601752922,26.1496233,263009.6006,217.1512015,87.20695911,2.621292159,418.5086741,59.34201214,446.9227932
8.257965654,51.47830918,4.27864857,1.005159665,1.019460036,43.32051065,0.5052540666,0.1967999891,0.8653587795,0.7729744018,4.42118563,0.07944852532,26.39195567,264805.1466,215.7295104,93.03782564,2.660038176,423.1477284,64.85341075,453.0402379
8.163698492,54.02238249,4.34207032,0.6733784475,0.6829585788,47.43795535,0.5127277452,0.1755544584,0.9146755871,0.7065692821,3.694779302,0.06367195326,26.35095459,254166.0452,213.935298,98.22556662,2.648477028,429.6924895,70.05429124,460.6258451
7.858785992,57.28566112,2.524218456,0,0,56.57809113,0.4738780754,0.2499991794,0.9464364408,0.7144685587,3.341949467,0.0733820256,25.85618489,237160.0687,212.902155,98.62168155,2.542574271,428.5406088,71.12697599,458.2650263
7.708118306,55.88632888,1.182977944,0,0,55.30974842,0.4271785792,0.2881782376,0.8899714188,0.7410061213,3.599794387,0.09050890373,25.52857918,234308.6596,211.7888298,95.58448925,2.535212124,422.0610144,68.19048369,450.9071998
8.065640321,56.17232095,2.764723044,0,0,52.33646226,0.4236348788,0.314405984,0.8416199128,0.7283205342,3.64920958,0.09551975515,25.63580097,248147.0277,210.2644628,93.52500283,2.677785746,420.8151327,65.28559787,450.6343907
8.726636953,62.7747566,4.13525156,0,4.036361372,55.36821083,0.4293832657,0.3613217867,1.108778683,0.693705064,5.198578487,0.1757248191,25.93633791,270527.881,210.1566357,96.22489905,2.795102045,421.9187851,67.13718623,451.1746796
9.399304865,65.14333808,3.620898699,0,7.883825317,54.17719121,0.436212361,0.4091877347,1.374200992,0.6922398442,5.712271411,0.2052893712,26.08931561,279453.6126,210.905327,98.65182694,2.805749807,426.911562,69.12388367,454.7173866
9.806991186,60.98695321,1.03380418,0,8.350501663,50.79589196,0.4655857062,0.3295250963,1.428416349,0.6566249304,4.65677758,0.1590372844,26.32380514,276493.3592,211.6042784,98.29801751,2.81522686,427.244171,68.11788006,454.9387251
9.899053839,56.78388234,0,0,6.05546567,50.13327005,0.4957251877,0.2319221849,1.295816543,0.6073177518,4.002471009,0.06092932666,26.40946372,276500.0244,211.5428118,98.73400989,2.814225226,426.714922,68.43264914,454.773523
9.900173548,67.24279778,0,2.32854299,11.29836361,53.22731107,0.4469051724,0.1950775245,1.391624573,0.6929187535,5.167482705,0.1822159154,26.40501165,276842.3959,211.3532234,100.8039229,2.811660161,424.6969196,70.70768522,451.3984364
9.786191278,83.31837955,0,7.696157703,18.96871985,56.81260754,0.3652338584,0.2205942828,1.687507262,0.7854618809,4.604311024,0.2398876739,26.41626558,278303.6349,212.2976349,102.5748435,2.809169588,428.9626967,71.91010817,453.4189317
9.770495668,88.51014691,0,8.656870176,20.41806852,61.18039546,0.3191453043,0.2911069842,1.774012059,0.7753394546,3.898006871,0.1836450195,26.40646645,272260.7407,209.8268251,104.5448045,2.813136808,427.2351538,72.66730952,453.1899328
10.65241204,73.91072083,0,4.263028805,13.04644735,55.8226873,0.3350348131,0.3166591941,1.360618012,0.6908987201,3.689288562,0.06854070673,25.84916728,261407.3752,204.7267403,100.69062,2.810499951,421.5966598,68.88588685,450.0481592
12.38798228,61.97476612,0,0.02861484108,5.716624595,54.50827497,0.3410157853,0.2788531932,0.8877597555,0.6825180857,3.755533238,0.08286588759,25.26855488,255587.9826,200.9940365,87.15435643,2.80470144,416.2360536,55.94527355,448.6700766
14.14221082,63.44898789,0,0,1.952245553,61.0856153,0.3211096948,0.2597219117,0.764945495,0.6722259321,3.472735036,0.09077573734,25.08696621,258102.9659,200.9865128,75.52098913,2.803053756,414.8672454,44.24650142,448.4236876
14.95398502,69.14133683,0,0,0.520794073,69.48465349,0.2778938009,0.3243351959,0.7638765356,0.6548414023,3.685851891,0.07685336672,25.4547628,267683.525,204.9216112,78.81472617,2.816076646,413.966626,46.73544421,445.6970103
14.66909725,73.01864234,0.628023499,0,0,73.87820313,0.2741653493,0.306656476,0.7648110117,0.6324067891,3.899058694,0.0559296049,25.69804928,272671.3184,207.9425818,87.38949602,2.82286539,417.1105235,55.10264682,448.7795667
14.25908594,74.4340213,3.182226931,0,0,71.97527485,0.3211845017,0.4015367,0.8673492819,0.6638035615,3.596050127,0.04699165275,25.8340057,271653.5143,208.8138124,90.04786168,2.825610822,422.3003208,57.62767157,455.1758704
14.25596996,72.04062801,3.978815879,0.3380925997,0,66.57515589,0.3902787407,0.4440580886,0.9471343929,0.6813828603,3.85993072,0.0483900946,25.64016514,270473.8078,208.3665831,88.78714563,2.821297719,425.2515217,56.33375181,456.9582657
14.56137013,73.17324455,2.244769114,3.01066133,0,66.7084518,0.4875494232,0.5735255527,0.9350351867,0.7291847524,4.333268805,0.05099721758,25.48248228,268568.745,207.0632964,86.45476633,2.821868112,423.7235351,53.84176052,455.521798
14.90432967,80.56284681,0,8.250765569,0,72.88451519,0.5255769149,0.5699781401,0.7404333049,0.7254479688,4.328652618,0.05151446856,25.33746941,267700.195,206.2082209,83.40642337,2.819573096,421.5275257,50.70877495,454.6971084
15.02241813,84.27451997,0,9.62284229,0,75.75922737,0.4615973762,0.4405336069,0.5291577189,0.6940122426,4.18877051,0.05793377852,25.0989114,267748.5185,205.5640342,83.4691332,2.815695477,419.422597,50.48339406,451.8133387
14.99600417,79.00095834,0,5.499465529,0,73.38861851,0.3585279141,0.164922484,0.4669109013,0.6542320534,3.864709923,0.07341346689,24.80436427,268437.1347,205.6408813,84.90615369,2.810937432,421.8274497,51.90760641,454.1914307
14.97600173,74.72476069,0,2.201108157,0,72.4102408,0.3420357575,0.1226836986,0.4503986492,0.64565665,3.070316228,0.07692097941,24.84605622,269016.6432,206.0876096,86.66203863,2.811298108,423.9222894,53.59371669,457.7102228
14.97605599,75.73421965,0,4.048288746,0,71.54750869,0.3527098949,0.1943839682,0.4151414211,0.640623261,2.87171591,0.06860879243,25.06767063,269508.2335,207.1585618,88.01741231,2.810125078,425.3432662,54.68513013,458.722612
14.98334645,76.42614832,0,4.431812799,0,71.68048487,0.3720725056,0.3226245181,0.3659733276,0.7123789649,3.510442659,0.183565665,25.4979795,269634.5576,208.2440259,88.38238318,2.80199913,425.5884538,54.6549313,459.0029109
14.86088964,74.64885399,0,2.090176918,0,73.35597321,0.4092470292,0.3745773189,0.3466554383,0.7588508625,4.417487556,0.2664538119,26.48190714,268947.1839,208.5056019,89.74909768,2.794114197,425.7240009,55.12193491,460.1913261
14.97979211,70.83657953,0,0,0,72.59755021,0.3992424359,0.3229151081,0.2708153419,0.7186867001,4.720514364,0.2137298275,27.68563382,268956.3771,208.887051,92.95163557,2.812191383,424.5736513,56.85312456,458.495007
15.88198088,62.98703135,0,0,0,64.63027494,0.2812590266,0.2370984605,0.2872461685,0.7057957707,3.846609515,0.0809048414,28.37228928,267816.8735,210.8028747,95.26567504,2.796353491,430.3954395,58.26877428,462.9450929
16.97062692,49.08657584,0,0,0,47.53410556,0.1725183266,0.1182244572,0.2777622151,0.7264997218,3.124123853,0.05928770173,28.47520402,266367.2326,212.1380136,98.43872004,2.674399881,434.2042374,61.15871213,465.4394087
17.12513571,41.75900278,0,0,0,37.82340885,0.2396672234,0.1122435031,0.3045202387,0.791688926,3.042495365,0.05904145799,28.48820148,265589.5735,211.9518653,95.87993271,2.583224417,431.3665104,58.23613415,461.9241081
16.01467539,46.36098505,0,0,0,45.18807629,0.3802720236,0.1829511874,0.3746800074,0.7915470228,3.869315443,0.05504702282,28.42022489,266446.9492,211.7819832,92.76297929,2.601552612,423.1148909,54.86027694,454.5406013
14.54264831,55.92423366,0,0,0,58.59720244,0.4580931036,0.1981737875,0.405548514,0.7353951029,3.932982948,0.05253394546,28.46877704,274009.5923,220.0204207,93.62838403,2.686530096,421.8694212,55.42018184,452.4528948
13.92349448,56.31164716,0,0.04161120874,0,54.52613732,0.3692086024,0.1675586236,0.3451061083,0.6534028937,3.855440964,0.08171814135,28.25692567,251388.9236,207.0756038,99.44577959,2.671740088,421.8781765,60.39368816,437.2992399
14.02994034,67.42641973,0,4.058410268,0,62.1422101,0.2787828611,0.3813098625,0.5178485724,0.658491931,3.888881125,0.1024668893,25.11654801,212285.6729,176.032416,84.17291426,2.297436586,494.2350801,49.21269727,489.9425873
14.14104758,79.5539672,0,7.082099944,0,75.01636585,0.3231160943,0.5082008298,0.7121884792,0.6218670006,4.830898709,0.08636115748,23.84674124,203956.2032,163.0582774,78.06058897,2.122796682,542.3160645,45.39044701,527.7865316
14.11276305,86.8934533,0.0270796773,6.56358701,5.083063734,78.31504341,0.3723167241,0.408171502,0.8890987648,0.5839426822,6.085590489,0.05011630495,25.84793345,224062.3175,174.4418733,86.26788399,2.375290404,515.230846,51.04256018,502.0755807
14.03485174,75.98163555,0.04042214221,2.511711894,7.631955255,65.01268823,0.366668527,0.1889478152,0.7704954983,0.6233333333,6.002971983,0.05035002782,28.91557081,260924.0702,206.8737246,100.0386157,2.712073766,441.5825509,61.06125506,447.8709343
14.01018122,65.96330094,0.0270796773,0.9623700701,5.149352394,58.7960068,0.424215999,0.2685673496,0.6411466777,0.710442404,4.541215036,0.1303105175,28.8313906,273558.2183,222.8708362,98.29687287,2.712979004,427.4820732,60.29090608,454.0793067
13.95067185,56.88217676,0,0,0.04440822316,57.69421861,0.415612736,0.3846102524,0.4712158127,0.7447022816,3.203690797,0.309296049,28.91606899,264131.3757,215.2351179,101.560516,2.731529649,423.9836423,63.46165273,452.2502687
13.85013953,50.73796574,0,0,0,52.27820794,0.3280977743,0.3489039013,0.4337122122,0.6875514747,3.778652618,0.443771842,29.0858249,268287.6204,214.0247398,103.9084512,2.800463846,421.8930789,65.72172842,448.9964246
13.82783291,41.10250598,0,0,0.7797613189,39.32627103,0.3573463477,0.1867070647,0.3274378644,0.596279911,3.965657243,0.3645041736,29.137724,272005.0125,213.3637308,104.4153927,2.819584102,425.2050446,66.05654148,448.4386686
13.91698272,33.53588057,0,0,1.163958587,30.05713594,0.480565739,0.1504297267,0.2707512291,0.5672064552,3.407161626,0.1722595993,29.24741555,273077.8417,213.85861,103.575275,2.851008501,425.7163836,64.92905312,450.1706804
14.10660566,33.69580968,0,0,0.7797613189,32.46555799,0.5470493917,0.1331771125,0.232345139,0.6400278242,2.653501199,0.1072774068,29.32683453,273831.7876,214.147775,103.2100047,2.860016393,423.6241679,64.66653805,450.0797137
14.34620701,35.61598145,0,0,0.9296033441,34.67652101,0.5610978814,0.08289205832,0.2160555973,0.6707595993,2.369745775,0.1309145799,29.22576508,273339.6581,214.1438915,101.6619785,2.869163236,420.6588464,63.92895832,448.1438038
14.73482949,38.35724421,0,0,1.387629482,37.29839599,0.5219524934,0.1243321545,0.2911410073,0.6950083472,2.634320876,0.1161026711,29.10228708,271017.0799,214.542076,101.848408,2.877438597,423.1622042,64.56565613,449.6401682
15.16272608,38.58840477,0,0,0.9296033441,38.20065352,0.3856936672,0.2105781747,0.3395393853,0.6773567056,2.770708913,0.06239844185,29.0099279,269995.3694,215.2851462,105.5706183,2.887215879,426.7545282,68.2631985,452.474296
15.29433677,36.76173107,0,0,0,36.03745936,0.2386581591,0.2084591095,0.2579064006,0.6510795771,3.335343009,0.05014802449,28.95423821,272072.3399,215.0132574,107.4021856,2.895335292,429.3608611,70.27388539,454.5445287
14.94318799,38.6280817,0,0,0,37.64297437,0.1872321207,0.1863963804,0.1719596808,0.5861825264,4.057522778,0.06297941013,28.90933912,275469.5024,213.2570709,102.6752679,2.898220965,427.2825685,65.69739348,455.693481
14.07209479,43.02089054,0,0,0,42.47472384,0.4038919847,0.1638642164,0.2020572558,0.5537618253,4.251895855,0.0687493044,28.89367517,278789.9399,212.0221415,96.07882777,2.900397895,425.5100799,58.71999569,454.143014
12.80410809,52.47787585,0,0,1.980793469,52.05431229,0.5919724186,0.1780878095,0.391744128,0.5501391208,3.81800202,0.07029215359,28.85605243,279588.5901,211.8535714,90.0857314,2.908493003,423.307653,52.18260047,449.8444911
11.42224147,58.10188386,0,0,6.840018424,55.0264914,0.5928613091,0.2054154567,0.6408527981,0.6080634391,3.454247759,0.06076599889,28.99144503,279255.0813,211.6974678,87.4780579,2.910875924,425.2522167,49.14650346,448.923647
10.37692834,53.03078699,0,0,13.59168308,40.61897001,0.4682752025,0.2197407405,0.9701262493,0.6727796327,4.772707191,0.0627968837,29.24314995,279103.8216,211.3417192,90.67823719,2.907247946,424.9613478,52.0151528,449.8780212
9.929286514,36.83515423,0,0,13.95075788,19.3862239,0.4958431856,0.1610018068,0.9949383367,0.633263773,5.406294351,0.05907456873,29.40824167,279090.7046,211.4234567,95.44021746,2.899971726,423.5985785,56.92345683,449.0446198
9.960261752,26.79224978,0.2136783362,0,10.08999149,14.00856271,0.5699433154,0.1585456493,0.867636113,0.6383695047,4.438809519,0.1468530885,29.63757422,279207.4494,213.0270951,96.99693832,2.896873987,424.7724787,58.52215288,453.1512065
10.05959253,34.46678051,0.318960082,0,14.39891502,19.85141164,0.5416735112,0.1954064599,1.051262129,0.6415609349,3.468543166,0.1924641068,29.84525424,278782.8213,215.1135929,99.38286151,2.893805311,425.586006,60.80464758,455.7947577
10.05405597,53.42991098,0.2136783362,0,30.93140974,21.85661552,0.4592431257,0.2253498367,1.890049032,0.6206649972,4.448477376,0.2438650529,29.94313265,276974.2226,214.4992431,102.6332928,2.892048788,426.3534871,64.06137583,458.3385573
10.04141139,69.95834281,0,0,43.20393161,26.51245704,0.4590681784,0.4954342028,2.678139103,0.5719087368,4.833921928,0.2299858097,29.85566397,275065.3676,212.4532537,102.6667531,2.856404236,426.6867359,64.15937036,456.2538366
10.03049428,66.93251886,0,0,35.38151311,32.05062198,0.4657799299,0.6996162962,2.486801234,0.6013967724,4.59735016,0.1883820256,29.85962137,274042.6414,210.6631521,102.4197087,2.817633427,430.9654288,63.45324706,457.8173471
10.03070341,53.42405065,0,0,18.4420891,35.26404025,0.4436252451,0.4963630085,1.567200006,0.6271786311,4.156690923,0.07984974958,29.89877375,273690.6454,210.1463768,103.2373667,2.778485202,436.8827819,63.95274,463.4547471
10.02714731,45.88929315,0,0,8.308611897,37.95147572,0.448057553,0.2294206315,1.026270756,0.6385197551,3.044330529,0.06682860323,29.98328788,273628.9538,210.2771178,101.5481573,2.794583071,439.9880374,62.41644692,467.5299567
9.96003879,46.01122236,0,0,7.778732305,39.4301354,0.440586004,0.3017802827,1.140255357,2.442345576,4.325455617,0.1517543127,29.92738895,272845.3189,208.0925682,97.44106005,2.8226367,435.1222814,58.57449974,460.5865268
10.08755864,41.08684653,0,0,5.572660244,33.30042769,0.4438148895,0.36819475,1.109779663,5.748976071,6.410916678,0.2545539789,29.79980245,271731.3273,205.9513476,94.829316,2.842171804,428.0689279,55.99477674,454.7733352
10.57596904,42.67068358,0,0,1.992632804,38.26713185,0.4741589725,0.2694493372,0.8162069435,8.274450473,6.75600404,0.3201936561,29.62443084,271939.5371,206.9361812,90.7139906,2.827300248,427.6461175,51.95264268,456.8648717
11.25858433,52.52212962,0,0,0,54.27924923,0.4849705346,0.2725442988,0.6180371949,8.795876461,6.091988011,0.3723656093,29.41259662,273831.5704,209.7490909,85.44358775,2.821149137,432.1748835,46.64344425,460.477981
11.78876521,60.12815457,0,0,0,63.25604162,0.4679495838,0.3773391448,0.6089223519,8.443373678,6.719918493,0.3794980523,28.98272428,275914.6793,211.4603193,81.37865576,2.825964505,433.1544605,42.84168374,459.7353247
11.51115647,55.90284405,0,0,0,57.02335276,0.4433309696,0.4675886346,0.6017610416,6.087022816,6.059829733,0.2696182526,28.22227833,277513.7165,210.7949153,79.42175056,2.828846452,431.7656561,42.62078022,457.0653184
11.44051352,48.44855357,0,0,0.3347212984,48.6465434,0.422943607,0.3162071733,0.4668939356,2.737573734,4.876414967,0.1438987201,28.09051697,274738.6191,207.2377937,83.26283935,2.805677838,430.1982929,47.45512507,455.7558347
13.17566786,48.85962088,3.203610429,0,7.177527963,37.66063013,0.40074199,0.2080431054,0.6388965575,0.7845520312,4.279838248,0.1051446856,28.36735429,268732.2959,203.0430504,88.07816247,2.685589452,434.6209114,52.13249812,457.7272815
16.32475002,54.20528064,4.782065714,0,17.93828432,30.20093336,0.4007431868,0.2205267335,1.03767036,0.7336087924,4.164127441,0.09954785754,28.79333243,265663.2765,200.4276345,86.40029482,2.586139583,449.2016541,49.93425468,463.7501293
19.3223252,59.80966343,3.994841147,2.869942327,23.80262714,27.66259551,0.4076012668,0.2295292774,1.327483791,0.8527685031,4.142078324,0.1160559265,28.94932772,266143.1761,199.9771648,84.97983078,2.588615739,461.5855177,48.78689712,468.3569772
20.49573294,65.94090588,8.395974608,4.283995544,21.41807745,32.11239874,0.3794770351,0.1904392116,1.289030878,0.8689315526,4.578096819,0.1680381191,29.78815489,271076.0977,203.0635202,95.47258226,2.679194232,458.028769,58.26299182,465.4414072
20.53840148,73.98469045,19.6506761,2.869942327,18.22261593,34.27424977,0.3423492891,0.2336982516,1.220612498,0.8270422927,4.657941081,0.1620272677,30.5239536,272770.6761,206.2045644,102.7625071,2.718143517,449.164248,64.60637269,460.2334599
21.01983039,81.67280343,27.10546686,5.659055553,16.93098798,31.97137063,0.3798425986,0.2204286861,1.126241638,0.7060573178,4.873278707,0.1731466333,30.67265517,268657.9716,206.6426702,100.7528946,2.670610874,448.340268,62.62462047,462.0338282
20.81286786,87.25312637,26.51397149,14.51347074,16.36186754,28.16652208,0.4287424618,0.2133736448,1.106021702,0.713900946,4.55645494,0.1881435726,30.38809192,267305.8973,206.2744242,100.8663841,2.603196868,449.3327863,63.39439866,464.2792927
19.64217191,87.85775097,23.04804054,18.80668191,11.65202409,35.44037893,0.4342280199,0.2667365111,0.9916524675,0.6775236505,4.248234315,0.1638636617,30.43331617,269869.6991,205.9076504,101.5856485,2.58788851,450.941734,63.8273417,468.076318
18.39679594,69.78060616,17.03698985,12.99667592,5.924284361,34.54109829,0.421973918,0.2404425571,0.6698710454,0.9564218141,4.905904191,0.08673734001,30.78874384,274416.5913,205.9033798,95.35499042,2.656150067,449.8807936,56.75292147,467.9858353
16.58095674,49.07411927,9.024430618,5.31877161,1.897990603,32.08798532,0.4221695479,0.1335970189,0.370295969,1.526789093,5.904674602,0.08406649972,31.00439517,276761.8279,206.4379864,92.64454335,2.716961027,442.8487741,53.86277228,460.9463233
14.08413217,37.09137626,2.599459005,0.8214131206,1.271505423,31.72998087,0.4010493551,0.09650526293,0.2588545337,1.667020033,4.850156901,0.08080467446,31.19394533,276204.742,207.8366426,98.15718734,2.778026761,432.8006652,58.90233451,454.1494446
11.10973294,35.41395352,0,0,0,36.49886584,0.4301431677,0.09554875229,0.1840011294,1.225509182,3.480448773,0.06474707846,31.43836515,276421.1001,209.7875983,103.2667237,2.814972518,428.6178076,63.58560007,454.2628232
8.893248144,34.899714,0,0,0.4575564062,34.57778711,0.4495820804,0.1589088873,0.2011738577,0.7775653868,4.466597387,0.04690456316,30.67521867,277463.939,211.6989087,102.1771677,2.834029232,428.2977203,64.56225877,456.7366169
8.465268528,36.96912228,0,0,4.183477103,33.39008773,0.4644711968,0.1761988285,0.3783519764,0.6843572621,5.960029108,0.04533472454,28.71821752,276716.3618,211.6143116,101.8323134,2.849321769,427.2808423,67.45080094,455.0373021
8.33378083,45.77046887,0.9872997472,0,15.50511345,29.35057112,0.5432074467,0.1983535342,0.7269070461,0.6691569282,5.886881439,0.07673344463,26.85766717,276944.3932,211.5533708,101.6903762,2.873478002,423.2152556,69.03396582,450.6870112
8.697488705,51.25703163,1.156535342,2.969183515,19.32684495,27.62877094,0.5903658145,0.2012890412,0.9051234118,0.7434052855,5.169830867,0.08064787814,26.43280275,277851.8003,211.3347231,99.41999494,2.885695274,423.0599913,67.70278338,450.7252193
9.486210085,56.10653677,1.195130746,6.351803142,21.6887138,27.47416922,0.6210454197,0.191832671,1.054862455,0.8244351911,3.725497752,0.08009890184,26.13109587,279496.7713,211.0009773,95.26070471,2.892232292,424.1436089,63.67955728,456.1322034